Workbook

Sheet Instructions
A1: Hand check: Cardiometabolic Trial Accrual Ledger v1.0
A2: 284 trials, drawn at random (10 percent of 2834; seed 20261013; proportional to completed / stopped / ongoing).
A4: How to use this form
A5: 1. Go to the 'Check' tab. Each row is one trial. Click the link in column B to open its registry page.
A6: 2. Grey cells show what the ledger says. Do not change them.
A7: 3. In the YELLOW cell to the right of each grey cell, pick what the registry page says from the
A8: dropdown list. The list uses the ledger's codes; the 'Codes' tab shows which code matches
A9: each wording on the website (for example, 'Active, not recruiting' is ACTIVE_NOT_RECRUITING).
A10: Enrollment is the only cell you type: enter the number shown, without commas.
A11: 4. The 'Match' cell then shows OK or CHECK. For every CHECK, add a short note in the last column.
A12: 5. Row 2 of the Check tab is a worked example (fake trial). Leave it; it is not counted.
A13: 6. The 'Summary' tab updates by itself and shows the agreement rate for each field.
... A26: Time: about 2 minutes per trial, roughly 9 to 10 hours in total. Doing 50 a sitting works well.

Sheet Check
A1: NCT ID | B1: Registry link | C1: Group | D1: Ledger: Status | E1: Registry says | F1: Match | G1: Ledger: Enrollment (number) | H1: Registry says | I1: Match | J1: Ledger: Enrollment type | K1: Registry says | L1: Match | M1: Ledger: Phase | N1: Registry says | O1: Match | P1: Ledger: Sponsor type | Q1: Registry says | R1: Match | S1: Ledger: At least one US site? | T1: Registry says | U1: Match | V1: Ledger: A trial of one of the 5 diseases? | W1: Registry says | X1: Match | Y1: Ledger: Stop-reason group | Z1: Registry says | AA1: Match | AB1: Notes
A2: NCT00000000 (EXAMPLE) | B2: https://clinicaltrials.gov/ | C2: completed | D2: COMPLETED | E2: COMPLETED | F2: =IF(E2="","",IF(UPPER(TRIM(D2&""))=UPPER(TRIM(E2&"")),"OK","CHECK")) -> OK | G2: 120 | H2: 118 | I2: =IF(H2="","",IF(UPPER(TRIM(G2&""))=UPPER(TRIM(H2&"")),"OK","CHECK")) -> CHECK | J2: ACTUAL | K2: ACTUAL | L2: =IF(K2="","",IF(UPPER(TRIM(J2&""))=UPPER(TRIM(K2&"")),"OK","CHECK")) -> OK | M2: PHASE3 | N2: PHASE3 | O2: =IF(N2="","",IF(UPPER(TRIM(M2&""))=UPPER(TRIM(N2&"")),"OK","CHECK")) -> OK | P2: INDUSTRY | Q2: INDUSTRY | R2: =IF(Q2="","",IF(UPPER(TRIM(P2&""))=UPPER(TRIM(Q2&"")),"OK","CHECK")) -> OK | S2: Y | T2: Y | U2: =IF(T2="","",IF(UPPER(TRIM(S2&""))=UPPER(TRIM(T2&"")),"OK","CHECK")) -> OK | V2: Y | W2: Y | X2: =IF(W2="","",IF(UPPER(TRIM(V2&""))=UPPER(TRIM(W2&"")),"OK","CHECK")) -> OK | Y2: n/a | Z2: n/a | AA2: =IF(Z2="","",IF(UPPER(TRIM(Y2&""))=UPPER(TRIM(Z2&"")),"OK","CHECK")) -> OK | AB2: Example: enrollment differs; registry shows 118
A3: NCT00590226 | B3: https://clinicaltrials.gov/study/NCT00590226 | C3: completed | D3: COMPLETED | F3: =IF(E3="","",IF(UPPER(TRIM(D3&""))=UPPER(TRIM(E3&"")),"OK","CHECK")) | G3: 130 | I3: =IF(H3="","",IF(UPPER(TRIM(G3&""))=UPPER(TRIM(H3&"")),"OK","CHECK")) | J3: ACTUAL | L3: =IF(K3="","",IF(UPPER(TRIM(J3&""))=UPPER(TRIM(K3&"")),"OK","CHECK")) | M3: PHASE4 | O3: =IF(N3="","",IF(UPPER(TRIM(M3&""))=UPPER(TRIM(N3&"")),"OK","CHECK")) | P3: other | R3: =IF(Q3="","",IF(UPPER(TRIM(P3&""))=UPPER(TRIM(Q3&"")),"OK","CHECK")) | S3: Y | U3: =IF(T3="","",IF(UPPER(TRIM(S3&""))=UPPER(TRIM(T3&"")),"OK","CHECK")) | V3: Y | X3: =IF(W3="","",IF(UPPER(TRIM(V3&""))=UPPER(TRIM(W3&"")),"OK","CHECK")) | Y3: n/a | AA3: =IF(Z3="","",IF(UPPER(TRIM(Y3&""))=UPPER(TRIM(Z3&"")),"OK","CHECK"))
A4: NCT00591227 | B4: https://clinicaltrials.gov/study/NCT00591227 | C4: completed | D4: COMPLETED | F4: =IF(E4="","",IF(UPPER(TRIM(D4&""))=UPPER(TRIM(E4&"")),"OK","CHECK")) | G4: 176 | I4: =IF(H4="","",IF(UPPER(TRIM(G4&""))=UPPER(TRIM(H4&"")),"OK","CHECK")) | J4: ACTUAL | L4: =IF(K4="","",IF(UPPER(TRIM(J4&""))=UPPER(TRIM(K4&"")),"OK","CHECK")) | M4: PHASE4 | O4: =IF(N4="","",IF(UPPER(TRIM(M4&""))=UPPER(TRIM(N4&"")),"OK","CHECK")) | P4: other | R4: =IF(Q4="","",IF(UPPER(TRIM(P4&""))=UPPER(TRIM(Q4&"")),"OK","CHECK")) | S4: Y | U4: =IF(T4="","",IF(UPPER(TRIM(S4&""))=UPPER(TRIM(T4&"")),"OK","CHECK")) | V4: Y | X4: =IF(W4="","",IF(UPPER(TRIM(V4&""))=UPPER(TRIM(W4&"")),"OK","CHECK")) | Y4: n/a | AA4: =IF(Z4="","",IF(UPPER(TRIM(Y4&""))=UPPER(TRIM(Z4&"")),"OK","CHECK"))
A5: NCT00603291 | B5: https://clinicaltrials.gov/study/NCT00603291 | C5: completed | D5: COMPLETED | F5: =IF(E5="","",IF(UPPER(TRIM(D5&""))=UPPER(TRIM(E5&"")),"OK","CHECK")) | G5: 604 | I5: =IF(H5="","",IF(UPPER(TRIM(G5&""))=UPPER(TRIM(H5&"")),"OK","CHECK")) | J5: ACTUAL | L5: =IF(K5="","",IF(UPPER(TRIM(J5&""))=UPPER(TRIM(K5&"")),"OK","CHECK")) | M5: PHASE3 | O5: =IF(N5="","",IF(UPPER(TRIM(M5&""))=UPPER(TRIM(N5&"")),"OK","CHECK")) | P5: INDUSTRY | R5: =IF(Q5="","",IF(UPPER(TRIM(P5&""))=UPPER(TRIM(Q5&"")),"OK","CHECK")) | S5: Y | U5: =IF(T5="","",IF(UPPER(TRIM(S5&""))=UPPER(TRIM(T5&"")),"OK","CHECK")) | V5: Y | X5: =IF(W5="","",IF(UPPER(TRIM(V5&""))=UPPER(TRIM(W5&"")),"OK","CHECK")) | Y5: n/a | AA5: =IF(Z5="","",IF(UPPER(TRIM(Y5&""))=UPPER(TRIM(Z5&"")),"OK","CHECK"))
A6: NCT00603902 | B6: https://clinicaltrials.gov/study/NCT00603902 | C6: completed | D6: COMPLETED | F6: =IF(E6="","",IF(UPPER(TRIM(D6&""))=UPPER(TRIM(E6&"")),"OK","CHECK")) | G6: 4008 | I6: =IF(H6="","",IF(UPPER(TRIM(G6&""))=UPPER(TRIM(H6&"")),"OK","CHECK")) | J6: ACTUAL | L6: =IF(K6="","",IF(UPPER(TRIM(J6&""))=UPPER(TRIM(K6&"")),"OK","CHECK")) | M6: PHASE3 | O6: =IF(N6="","",IF(UPPER(TRIM(M6&""))=UPPER(TRIM(N6&"")),"OK","CHECK")) | P6: INDUSTRY | R6: =IF(Q6="","",IF(UPPER(TRIM(P6&""))=UPPER(TRIM(Q6&"")),"OK","CHECK")) | S6: Y | U6: =IF(T6="","",IF(UPPER(TRIM(S6&""))=UPPER(TRIM(T6&"")),"OK","CHECK")) | V6: Y | X6: =IF(W6="","",IF(UPPER(TRIM(V6&""))=UPPER(TRIM(W6&"")),"OK","CHECK")) | Y6: n/a | AA6: =IF(Z6="","",IF(UPPER(TRIM(Y6&""))=UPPER(TRIM(Z6&"")),"OK","CHECK"))
A7: NCT00618072 | B7: https://clinicaltrials.gov/study/NCT00618072 | C7: completed | D7: COMPLETED | F7: =IF(E7="","",IF(UPPER(TRIM(D7&""))=UPPER(TRIM(E7&"")),"OK","CHECK")) | G7: 46 | I7: =IF(H7="","",IF(UPPER(TRIM(G7&""))=UPPER(TRIM(H7&"")),"OK","CHECK")) | J7: ACTUAL | L7: =IF(K7="","",IF(UPPER(TRIM(J7&""))=UPPER(TRIM(K7&"")),"OK","CHECK")) | M7: PHASE2 | O7: =IF(N7="","",IF(UPPER(TRIM(M7&""))=UPPER(TRIM(N7&"")),"OK","CHECK")) | P7: other | R7: =IF(Q7="","",IF(UPPER(TRIM(P7&""))=UPPER(TRIM(Q7&"")),"OK","CHECK")) | S7: Y | U7: =IF(T7="","",IF(UPPER(TRIM(S7&""))=UPPER(TRIM(T7&"")),"OK","CHECK")) | V7: Y | X7: =IF(W7="","",IF(UPPER(TRIM(V7&""))=UPPER(TRIM(W7&"")),"OK","CHECK")) | Y7: n/a | AA7: =IF(Z7="","",IF(UPPER(TRIM(Y7&""))=UPPER(TRIM(Z7&"")),"OK","CHECK"))
A8: NCT00630877 | B8: https://clinicaltrials.gov/study/NCT00630877 | C8: completed | D8: COMPLETED | F8: =IF(E8="","",IF(UPPER(TRIM(D8&""))=UPPER(TRIM(E8&"")),"OK","CHECK")) | G8: 276 | I8: =IF(H8="","",IF(UPPER(TRIM(G8&""))=UPPER(TRIM(H8&"")),"OK","CHECK")) | J8: ACTUAL | L8: =IF(K8="","",IF(UPPER(TRIM(J8&""))=UPPER(TRIM(K8&"")),"OK","CHECK")) | M8: PHASE3 | O8: =IF(N8="","",IF(UPPER(TRIM(M8&""))=UPPER(TRIM(N8&"")),"OK","CHECK")) | P8: INDUSTRY | R8: =IF(Q8="","",IF(UPPER(TRIM(P8&""))=UPPER(TRIM(Q8&"")),"OK","CHECK")) | S8: Y | U8: =IF(T8="","",IF(UPPER(TRIM(S8&""))=UPPER(TRIM(T8&"")),"OK","CHECK")) | V8: Y | X8: =IF(W8="","",IF(UPPER(TRIM(V8&""))=UPPER(TRIM(W8&"")),"OK","CHECK")) | Y8: n/a | AA8: =IF(Z8="","",IF(UPPER(TRIM(Y8&""))=UPPER(TRIM(Z8&"")),"OK","CHECK"))
A9: NCT00631917 | B9: https://clinicaltrials.gov/study/NCT00631917 | C9: completed | D9: COMPLETED | F9: =IF(E9="","",IF(UPPER(TRIM(D9&""))=UPPER(TRIM(E9&"")),"OK","CHECK")) | G9: 774 | I9: =IF(H9="","",IF(UPPER(TRIM(G9&""))=UPPER(TRIM(H9&"")),"OK","CHECK")) | J9: ACTUAL | L9: =IF(K9="","",IF(UPPER(TRIM(J9&""))=UPPER(TRIM(K9&"")),"OK","CHECK")) | M9: PHASE4 | O9: =IF(N9="","",IF(UPPER(TRIM(M9&""))=UPPER(TRIM(N9&"")),"OK","CHECK")) | P9: INDUSTRY | R9: =IF(Q9="","",IF(UPPER(TRIM(P9&""))=UPPER(TRIM(Q9&"")),"OK","CHECK")) | S9: Y | U9: =IF(T9="","",IF(UPPER(TRIM(S9&""))=UPPER(TRIM(T9&"")),"OK","CHECK")) | V9: Y | X9: =IF(W9="","",IF(UPPER(TRIM(V9&""))=UPPER(TRIM(W9&"")),"OK","CHECK")) | Y9: n/a | AA9: =IF(Z9="","",IF(UPPER(TRIM(Y9&""))=UPPER(TRIM(Z9&"")),"OK","CHECK"))
A10: NCT00634842 | B10: https://clinicaltrials.gov/study/NCT00634842 | C10: completed | D10: COMPLETED | F10: =IF(E10="","",IF(UPPER(TRIM(D10&""))=UPPER(TRIM(E10&"")),"OK","CHECK")) | G10: 244 | I10: =IF(H10="","",IF(UPPER(TRIM(G10&""))=UPPER(TRIM(H10&"")),"OK","CHECK")) | J10: ACTUAL | L10: =IF(K10="","",IF(UPPER(TRIM(J10&""))=UPPER(TRIM(K10&"")),"OK","CHECK")) | M10: PHASE4 | O10: =IF(N10="","",IF(UPPER(TRIM(M10&""))=UPPER(TRIM(N10&"")),"OK","CHECK")) | P10: INDUSTRY | R10: =IF(Q10="","",IF(UPPER(TRIM(P10&""))=UPPER(TRIM(Q10&"")),"OK","CHECK")) | S10: Y | U10: =IF(T10="","",IF(UPPER(TRIM(S10&""))=UPPER(TRIM(T10&"")),"OK","CHECK")) | V10: Y | X10: =IF(W10="","",IF(UPPER(TRIM(V10&""))=UPPER(TRIM(W10&"")),"OK","CHECK")) | Y10: n/a | AA10: =IF(Z10="","",IF(UPPER(TRIM(Y10&""))=UPPER(TRIM(Z10&"")),"OK","CHECK"))
A11: NCT00653185 | B11: https://clinicaltrials.gov/study/NCT00653185 | C11: completed | D11: COMPLETED | F11: =IF(E11="","",IF(UPPER(TRIM(D11&""))=UPPER(TRIM(E11&"")),"OK","CHECK")) | G11: 369 | I11: =IF(H11="","",IF(UPPER(TRIM(G11&""))=UPPER(TRIM(H11&"")),"OK","CHECK")) | J11: ACTUAL | L11: =IF(K11="","",IF(UPPER(TRIM(J11&""))=UPPER(TRIM(K11&"")),"OK","CHECK")) | M11: PHASE2 | O11: =IF(N11="","",IF(UPPER(TRIM(M11&""))=UPPER(TRIM(N11&"")),"OK","CHECK")) | P11: INDUSTRY | R11: =IF(Q11="","",IF(UPPER(TRIM(P11&""))=UPPER(TRIM(Q11&"")),"OK","CHECK")) | S11: Y | U11: =IF(T11="","",IF(UPPER(TRIM(S11&""))=UPPER(TRIM(T11&"")),"OK","CHECK")) | V11: Y | X11: =IF(W11="","",IF(UPPER(TRIM(V11&""))=UPPER(TRIM(W11&"")),"OK","CHECK")) | Y11: n/a | AA11: =IF(Z11="","",IF(UPPER(TRIM(Y11&""))=UPPER(TRIM(Z11&"")),"OK","CHECK"))
A12: NCT00657605 | B12: https://clinicaltrials.gov/study/NCT00657605 | C12: completed | D12: COMPLETED | F12: =IF(E12="","",IF(UPPER(TRIM(D12&""))=UPPER(TRIM(E12&"")),"OK","CHECK")) | G12: 3 | I12: =IF(H12="","",IF(UPPER(TRIM(G12&""))=UPPER(TRIM(H12&"")),"OK","CHECK")) | J12: ACTUAL | L12: =IF(K12="","",IF(UPPER(TRIM(J12&""))=UPPER(TRIM(K12&"")),"OK","CHECK")) | M12: PHASE2 | O12: =IF(N12="","",IF(UPPER(TRIM(M12&""))=UPPER(TRIM(N12&"")),"OK","CHECK")) | P12: other | R12: =IF(Q12="","",IF(UPPER(TRIM(P12&""))=UPPER(TRIM(Q12&"")),"OK","CHECK")) | S12: Y | U12: =IF(T12="","",IF(UPPER(TRIM(S12&""))=UPPER(TRIM(T12&"")),"OK","CHECK")) | V12: Y | X12: =IF(W12="","",IF(UPPER(TRIM(V12&""))=UPPER(TRIM(W12&"")),"OK","CHECK")) | Y12: n/a | AA12: =IF(Z12="","",IF(UPPER(TRIM(Y12&""))=UPPER(TRIM(Z12&"")),"OK","CHECK"))
A13: NCT00661895 | B13: https://clinicaltrials.gov/study/NCT00661895 | C13: completed | D13: COMPLETED | F13: =IF(E13="","",IF(UPPER(TRIM(D13&""))=UPPER(TRIM(E13&"")),"OK","CHECK")) | G13: 99 | I13: =IF(H13="","",IF(UPPER(TRIM(G13&""))=UPPER(TRIM(H13&"")),"OK","CHECK")) | J13: ACTUAL | L13: =IF(K13="","",IF(UPPER(TRIM(J13&""))=UPPER(TRIM(K13&"")),"OK","CHECK")) | M13: PHASE4 | O13: =IF(N13="","",IF(UPPER(TRIM(M13&""))=UPPER(TRIM(N13&"")),"OK","CHECK")) | P13: other | R13: =IF(Q13="","",IF(UPPER(TRIM(P13&""))=UPPER(TRIM(Q13&"")),"OK","CHECK")) | S13: Y | U13: =IF(T13="","",IF(UPPER(TRIM(S13&""))=UPPER(TRIM(T13&"")),"OK","CHECK")) | V13: Y | X13: =IF(W13="","",IF(UPPER(TRIM(V13&""))=UPPER(TRIM(W13&"")),"OK","CHECK")) | Y13: n/a | AA13: =IF(Z13="","",IF(UPPER(TRIM(Y13&""))=UPPER(TRIM(Z13&"")),"OK","CHECK"))
A14: NCT00664859 | B14: https://clinicaltrials.gov/study/NCT00664859 | C14: completed | D14: COMPLETED | F14: =IF(E14="","",IF(UPPER(TRIM(D14&""))=UPPER(TRIM(E14&"")),"OK","CHECK")) | G14: 140 | I14: =IF(H14="","",IF(UPPER(TRIM(G14&""))=UPPER(TRIM(H14&"")),"OK","CHECK")) | J14: ACTUAL | L14: =IF(K14="","",IF(UPPER(TRIM(J14&""))=UPPER(TRIM(K14&"")),"OK","CHECK")) | M14: PHASE2/PHASE3 | O14: =IF(N14="","",IF(UPPER(TRIM(M14&""))=UPPER(TRIM(N14&"")),"OK","CHECK")) | P14: INDUSTRY | R14: =IF(Q14="","",IF(UPPER(TRIM(P14&""))=UPPER(TRIM(Q14&"")),"OK","CHECK")) | S14: Y | U14: =IF(T14="","",IF(UPPER(TRIM(S14&""))=UPPER(TRIM(T14&"")),"OK","CHECK")) | V14: Y | X14: =IF(W14="","",IF(UPPER(TRIM(V14&""))=UPPER(TRIM(W14&"")),"OK","CHECK")) | Y14: n/a | AA14: =IF(Z14="","",IF(UPPER(TRIM(Y14&""))=UPPER(TRIM(Z14&"")),"OK","CHECK"))
... A286: NCT07298993 | B286: https://clinicaltrials.gov/study/NCT07298993 | C286: ongoing_or_unknown | D286: ENROLLING_BY_INVITATION | F286: =IF(E286="","",IF(UPPER(TRIM(D286&""))=UPPER(TRIM(E286&"")),"OK","CHECK")) | G286: 240 | I286: =IF(H286="","",IF(UPPER(TRIM(G286&""))=UPPER(TRIM(H286&"")),"OK","CHECK")) | J286: ESTIMATED | L286: =IF(K286="","",IF(UPPER(TRIM(J286&""))=UPPER(TRIM(K286&"")),"OK","CHECK")) | M286: PHASE4 | O286: =IF(N286="","",IF(UPPER(TRIM(M286&""))=UPPER(TRIM(N286&"")),"OK","CHECK")) | P286: other | R286: =IF(Q286="","",IF(UPPER(TRIM(P286&""))=UPPER(TRIM(Q286&"")),"OK","CHECK")) | S286: Y | U286: =IF(T286="","",IF(UPPER(TRIM(S286&""))=UPPER(TRIM(T286&"")),"OK","CHECK")) | V286: Y | X286: =IF(W286="","",IF(UPPER(TRIM(V286&""))=UPPER(TRIM(W286&"")),"OK","CHECK")) | Y286: n/a | AA286: =IF(Z286="","",IF(UPPER(TRIM(Y286&""))=UPPER(TRIM(Z286&"")),"OK","CHECK"))

Sheet Codes
A1: What each dropdown code means on the registry page
A2: Status: code | B2: Website shows | D2: Enrollment type: code | E2: Website shows | G2: Phase: code | H2: Website shows | J2: Sponsor type: code | K2: Website shows | M2: At least one US site?: code | N2: Website shows | P2: A trial of one of the 5 diseases?: code | Q2: Website shows | S2: Stop-reason group: code | T2: Website shows
A3: COMPLETED | B3: Completed | D3: ACTUAL | E3: (Actual) after the number | G3: PHASE2 | H3: Phase 2 | J3: INDUSTRY | K3: Lead sponsor is a company | M3: Y | N3: Yes | P3: Y | Q3: Yes | S3: poor_enrollment | T3: Poor enrollment
A4: TERMINATED | B4: Terminated | D4: ESTIMATED | E4: (Estimated) after the number | G4: PHASE3 | H4: Phase 3 | J4: other | K4: University, hospital, government agency, network or individual | M4: N | N4: No | P4: N | Q4: No | S4: business_sponsor | T4: Business or sponsor decision
A5: WITHDRAWN | B5: Withdrawn | G5: PHASE4 | H5: Phase 4 | S5: lack_of_benefit | T5: Lack of benefit
A6: SUSPENDED | B6: Suspended | G6: PHASE1/PHASE2 | H6: Phase 1 and Phase 2 both listed | S6: safety | T6: Safety
A7: RECRUITING | B7: Recruiting | G7: PHASE2/PHASE3 | H7: Phase 2 and Phase 3 both listed | S7: design_logistics | T7: Study design or logistics
A8: ACTIVE_NOT_RECRUITING | B8: Active, not recruiting | S8: other_or_not_stated | T8: Other or not stated
A9: NOT_YET_RECRUITING | B9: Not yet recruiting | S9: n/a | T9: Trial did not stop early (not Terminated, Withdrawn or Suspended)
A10: ENROLLING_BY_INVITATION | B10: Enrolling by invitation
A11: UNKNOWN | B11: Unknown status

Sheet Summary
A1: Field | B1: Checked | C1: OK | D1: CHECK | E1: Agreement
A2: Status | B2: =COUNTIF(Check!F3:F286,"OK")+COUNTIF(Check!F3:F286,"CHECK") -> 0 | C2: =COUNTIF(Check!F3:F286,"OK") -> 0 | D2: =COUNTIF(Check!F3:F286,"CHECK") -> 0 | E2: =IF(B2=0,"",C2/B2)
A3: Enrollment (number) | B3: =COUNTIF(Check!I3:I286,"OK")+COUNTIF(Check!I3:I286,"CHECK") -> 0 | C3: =COUNTIF(Check!I3:I286,"OK") -> 0 | D3: =COUNTIF(Check!I3:I286,"CHECK") -> 0 | E3: =IF(B3=0,"",C3/B3)
A4: Enrollment type | B4: =COUNTIF(Check!L3:L286,"OK")+COUNTIF(Check!L3:L286,"CHECK") -> 0 | C4: =COUNTIF(Check!L3:L286,"OK") -> 0 | D4: =COUNTIF(Check!L3:L286,"CHECK") -> 0 | E4: =IF(B4=0,"",C4/B4)
A5: Phase | B5: =COUNTIF(Check!O3:O286,"OK")+COUNTIF(Check!O3:O286,"CHECK") -> 0 | C5: =COUNTIF(Check!O3:O286,"OK") -> 0 | D5: =COUNTIF(Check!O3:O286,"CHECK") -> 0 | E5: =IF(B5=0,"",C5/B5)
A6: Sponsor type | B6: =COUNTIF(Check!R3:R286,"OK")+COUNTIF(Check!R3:R286,"CHECK") -> 0 | C6: =COUNTIF(Check!R3:R286,"OK") -> 0 | D6: =COUNTIF(Check!R3:R286,"CHECK") -> 0 | E6: =IF(B6=0,"",C6/B6)
A7: At least one US site? | B7: =COUNTIF(Check!U3:U286,"OK")+COUNTIF(Check!U3:U286,"CHECK") -> 0 | C7: =COUNTIF(Check!U3:U286,"OK") -> 0 | D7: =COUNTIF(Check!U3:U286,"CHECK") -> 0 | E7: =IF(B7=0,"",C7/B7)
A8: A trial of one of the 5 diseases? | B8: =COUNTIF(Check!X3:X286,"OK")+COUNTIF(Check!X3:X286,"CHECK") -> 0 | C8: =COUNTIF(Check!X3:X286,"OK") -> 0 | D8: =COUNTIF(Check!X3:X286,"CHECK") -> 0 | E8: =IF(B8=0,"",C8/B8)
A9: Stop-reason group | B9: =COUNTIF(Check!AA3:AA286,"OK")+COUNTIF(Check!AA3:AA286,"CHECK") -> 0 | C9: =COUNTIF(Check!AA3:AA286,"OK") -> 0 | D9: =COUNTIF(Check!AA3:AA286,"CHECK") -> 0 | E9: =IF(B9=0,"",C9/B9)
A11: Trials with every yellow cell filled in | B11: =SUMPRODUCT((Check!E3:E286<>"")*(Check!H3:H286<>"")*(Check!K3:K286<>"")*(Check!N3:N286<>"")*(Check!Q3:Q286<>"")*(Check!T3:T286<>"")*(Check!W3:W286<>"")*(Check!Z3:Z286<>"")) -> 0
A12: Trials in sample: 284 (example row 2 excluded from all counts)
